Products_Name, Pricing, Ratings
Apple iPhone 6 (Gold| 32 GB),Rs. 23849,4.457,986
Apple iPhone 7 (Rose Gold| 32 GB),Rs. 38999,4.58,630
Apple iPhone 7 (Silver| 32 GB),Rs. 38999,4.53,780
Apple iPhone 6s (Silver| 32 GB),Rs. 28999,4.45,201
Apple iPhone 8 (Space Grey| 64 GB),Rs. 58999,4.52,460
Apple iPhone 6s (Gold| 32 GB),Rs. 29990,4.414,367
Apple iPhone 7 (Gold| 32 GB),Rs. 38999,4.57,057
Apple iPhone 6s (Space Grey| 32 GB),Rs. 29599,4.524,417
Apple iPhone 7 (Black| 32 GB),Rs. 39499,4.526,772
Apple iPhone 6s Plus (Gold| 32 GB),Rs. 33999,4.43,819
Apple iPhone 8 (Silver| 64 GB),Rs. 58999,4.52,460
Apple iPhone XS Max (Silver| 64 GB),Rs. 109900Up to ,4.7938
Dainty Tempered Glass Guard for Apple iPhone 7,Rs. 179,3.828
Apple iPhone XR (Black| 64 GB),Rs. 69999,4.6345
Apple iPhone 7 Plus (Gold| 32 GB),Rs. 48990,4.6442
Apple iPhone XR (Blue| 64 GB),Rs. 69999,4.6345
Apple iPhone XR (Black| 128 GB),Rs. 74999,4.6345
Apple iPhone 6s Plus (Rose Gold| 32 GB),Rs. 33999,4.43,807
Apple iPhone 8 Plus (Gold| 64 GB),Rs. 68999,4.62,940
Apple iPhone XR ((PRODUCT)RED| 128 GB),Rs. 81800,4.6345
Apple iPhone XR (Coral| 64 GB),Rs. 69999,4.6345
Apple iPhone XR (Coral| 128 GB),Rs. 74999,4.6345
Apple iPhone 6s Plus (Silver| 16 GB),Rs. 46479,4.3428
Apple iPhone 7 Plus (Red| 128 GB),Rs. 62900,4.6255
